{"cameraMode":{"drawMode":0,"name":"Shaded","section":"Shading Mode"},"sceneLighting":false,"audioPlay":false,"sceneViewState":{"showFog":false,"showMaterialUpdate":false,"showSkybox":false,"showFlares":false,"showImageEffects":false,"showParticleSystems":false},"in2DMode":false,"pivot":{"x":1.7000000476837159,"y":2.5362398624420168,"z":-13.0600004196167},"rotation":{"x":0.29575127363204958,"y":-0.09580185264348984,"z":0.029822807759046556,"w":0.949990451335907},"size":22.0,"orthographic":false}