{"cameraMode":{"drawMode":0,"name":"Shaded","section":"Shading Mode"},"sceneLighting":false,"audioPlay":false,"sceneViewState":{"showFog":false,"showMaterialUpdate":false,"showSkybox":false,"showFlares":false,"showImageEffects":false,"showParticleSystems":false},"in2DMode":false,"pivot":{"x":3.958758592605591,"y":45.891754150390628,"z":58.569129943847659},"rotation":{"x":0.004146412014961243,"y":0.9564316868782044,"z":-0.29152950644493105,"w":0.02265365608036518},"size":106.65692138671875,"orthographic":false}