{"cameraMode":{"drawMode":0,"name":"Shaded","section":"Shading Mode"},"sceneLighting":true,"audioPlay":false,"sceneViewState":{"showFog":false,"showMaterialUpdate":false,"showSkybox":false,"showFlares":false,"showImageEffects":false,"showParticleSystems":false},"in2DMode":false,"pivot":{"x":52.956138610839847,"y":3.9699504375457765,"z":138.021728515625},"rotation":{"x":0.029020266607403756,"y":-0.6975740790367127,"z":0.025468798354268075,"w":0.7158851623535156},"size":10.093015670776368,"orthographic":false}