{"cameraMode":{"drawMode":0,"name":"Shaded","section":"Shading Mode"},"sceneLighting":false,"audioPlay":false,"sceneViewState":{"showFog":false,"showMaterialUpdate":false,"showSkybox":false,"showFlares":false,"showImageEffects":false,"showParticleSystems":false},"in2DMode":false,"pivot":{"x":0.0013423562049865723,"y":0.8957749009132385,"z":-0.06299766898155213},"rotation":{"x":0.00464117294177413,"y":0.981290340423584,"z":-0.19107510149478913,"w":0.023852407932281495},"size":4.651968479156494,"orthographic":false}