{"cameraMode":{"drawMode":0,"name":"Shaded","section":"Shading Mode"},"sceneLighting":false,"audioPlay":false,"sceneViewState":{"showFog":false,"showMaterialUpdate":false,"showSkybox":false,"showFlares":false,"showImageEffects":false,"showParticleSystems":false},"in2DMode":false,"pivot":{"x":-0.044902801513671878,"y":1.548628330230713,"z":-0.06341612339019776},"rotation":{"x":-0.01433661486953497,"y":-0.8799299597740173,"z":0.4739748537540436,"w":-0.040755126625299457},"size":6.788448810577393,"orthographic":false}