{"cameraMode":{"drawMode":0,"name":"Shaded","section":"Shading Mode"},"sceneLighting":false,"audioPlay":false,"sceneViewState":{"showFog":false,"showMaterialUpdate":false,"showSkybox":false,"showFlares":false,"showImageEffects":false,"showParticleSystems":false},"in2DMode":false,"pivot":{"x":-0.00000476837158203125,"y":3.287398338317871,"z":-7.152557373046875e-7},"rotation":{"x":-0.005140511319041252,"y":-0.921791672706604,"z":0.387552946805954,"w":-0.029500562697649003},"size":14.822278022766114,"orthographic":false}