{"cameraMode":{"drawMode":0,"name":"Shaded","section":"Shading Mode"},"sceneLighting":false,"audioPlay":false,"sceneViewState":{"showFog":false,"showMaterialUpdate":false,"showSkybox":false,"showFlares":false,"showImageEffects":false,"showParticleSystems":false},"in2DMode":false,"pivot":{"x":0.04212593287229538,"y":2.3217551708221437,"z":1.5666371583938599},"rotation":{"x":0.014696633443236351,"y":-0.9540205001831055,"z":0.29837310314178469,"w":0.024548223242163659},"size":3.9861366748809816,"orthographic":false}