{"cameraMode":{"drawMode":0,"name":"Shaded","section":"Shading Mode"},"sceneLighting":false,"audioPlay":false,"sceneViewState":{"showFog":false,"showMaterialUpdate":false,"showSkybox":false,"showFlares":false,"showImageEffects":false,"showParticleSystems":false},"in2DMode":false,"pivot":{"x":0.0,"y":0.45118358731269839,"z":1.4901161193847657e-7},"rotation":{"x":0.0014239674201235176,"y":-0.8857249617576599,"z":0.4649149179458618,"w":-0.011684812605381012},"size":1.8492151498794556,"orthographic":false}