{"cameraMode":{"drawMode":0,"name":"Shaded","section":"Shading Mode"},"sceneLighting":false,"audioPlay":false,"sceneViewState":{"showFog":false,"showMaterialUpdate":false,"showSkybox":false,"showFlares":false,"showImageEffects":false,"showParticleSystems":false},"in2DMode":false,"pivot":{"x":0.012659072875976563,"y":2.8416008949279787,"z":-0.0053827762603759769},"rotation":{"x":-0.01433661486953497,"y":-0.8799299597740173,"z":0.4739748537540436,"w":-0.040755126625299457},"size":11.916029930114746,"orthographic":false}