{"cameraMode":{"drawMode":0,"name":"Shaded","section":"Shading Mode"},"sceneLighting":false,"audioPlay":false,"sceneViewState":{"showFog":false,"showMaterialUpdate":false,"showSkybox":false,"showFlares":false,"showImageEffects":false,"showParticleSystems":false},"in2DMode":false,"pivot":{"x":0.0,"y":4.2949347496032719,"z":-0.005381107330322266},"rotation":{"x":-0.01433661486953497,"y":-0.8799299597740173,"z":0.4739748537540436,"w":-0.040755126625299457},"size":15.966850280761719,"orthographic":false}